Continent,Population,Death_per_10000
North America,598140916,26.69621752
South America,437694443,30.7839869
Asia,3307636360,5.413745059
Europe,692491991,24.98579077
Oceania,42895329,5.657958702
Africa,1417029613,1.923940033